Matricola,Cognome,Nome,DataNascita
4,Snyder,William,2006-11-10
5,Boyd,Tammy,2000-02-01
6,White,Karen,2004-03-15
7,Dunn,Sherry,2001-01-24
8,Graham,Evelyn,2006-07-03
9,Flores,Alyssa,2001-06-18
10,Morris,Jennifer,2003-09-07
11,Marsh,Monica,2001-09-09
12,Alexander,Rachel,2006-05-03
13,Clark,Christopher,2005-11-16
14,Hernandez,Danielle,2006-12-26
15,Foley,Christian,2003-09-21
16,Smith,James,1999-11-02
17,Nelson,Joseph,2003-06-16
18,Nicholson,Laurie,2006-01-08
19,Rodriguez,Christopher,2001-12-23
20,Davis,Susan,2005-11-29
21,Mason,Raven,2005-08-11
22,Francis,Wendy,2000-04-22
23,Willis,Theodore,2000-10-28
24,Brown,Barbara,2001-06-12
25,Ramos,Victoria,2001-12-10
26,Scott,Geoffrey,2001-08-10
27,Garza,Adam,2007-01-08
28,Mckenzie,Timothy,2004-07-06
29,Smith,James,2002-03-04
30,Manning,Melissa,2003-02-24
31,Brown,Rebecca,1999-01-25
32,Davis,Denise,2002-06-19
33,White,Nicole,2006-07-24
34,White,Thomas,2004-04-30
35,Williams,Michael,2005-01-01
36,Barrera,Erin,2002-05-24
37,Baker,Daniel,2003-11-08
38,Hubbard,Zachary,2003-11-27
39,Hall,Louis,2000-11-19
40,Mitchell,Elizabeth,2006-04-11
41,Wheeler,Amanda,2005-12-25
42,Adams,Timothy,2005-06-19
43,Burgess,Linda,2000-12-12
44,Villarreal,Kimberly,2006-03-28
45,Edwards,Nathan,2004-03-05
46,Barrett,Cynthia,2003-10-23
47,Myers,Pamela,2006-01-10
48,Stewart,Toni,2005-07-28
49,White,James,2005-01-23
50,Rice,Suzanne,1999-11-27
51,Johns,Mathew,2004-02-04
52,Contreras,Debra,2006-06-22
53,Rice,Daniel,2006-01-12
54,Ramirez,Scott,2002-08-03
55,Adkins,Kelli,2006-10-15
56,Walker,James,2006-07-05
57,Foley,James,1999-06-30
58,Garcia,Savannah,1999-10-12
59,Gill,William,2005-06-26
60,Thomas,Elizabeth,1999-04-02
61,Perez,Jennifer,2003-01-21
62,Woodard,David,2005-04-03
63,Hall,Thomas,2001-09-11
64,Gonzales,Theodore,2004-01-20
65,Cross,William,2004-07-05
66,Smith,Jerry,2002-03-09
67,Austin,Julie,2005-09-18
68,Glass,Andrea,2003-01-18
69,Avila,Austin,2004-07-24
70,Walker,Brittany,2001-01-31
71,Mckenzie,Steven,1999-02-11
72,Barker,Christopher,2005-12-15
73,Orr,Patricia,2003-12-14
74,Lewis,Jose,2003-01-30
75,Silva,Debra,2005-02-11
76,Curtis,Justin,2001-10-30
77,Pena,Joshua,2004-10-15
78,Smith,Raymond,2000-06-29
79,Goodwin,Jason,1999-05-14
80,Rios,Chad,2000-07-25
81,Rivera,Douglas,2003-04-24
82,Garcia,Leah,2003-11-07
83,Bolton,David,1999-06-07
84,Mayer,Mike,2002-04-10
85,Brown,Terry,2003-03-05
86,Obrien,Michelle,2006-04-08
87,Hansen,Michael,2004-01-06
88,Perry,Joshua,2003-06-23
89,Holden,Paul,2005-08-06
90,Reyes,Emily,2001-03-19
91,Collier,Jacob,2000-07-28
92,Cruz,Dennis,2002-12-10
93,Barnes,Clayton,2006-03-31
94,Hill,Daniel,2001-12-11
95,Lee,Amy,2005-07-03
96,Sawyer,Samantha,2002-12-04
97,Bartlett,Maria,2006-06-12
98,Grant,Ashley,1999-08-25
99,Powers,Betty,2004-08-18
100,Gonzalez,Kayla,2003-02-07
101,Harrison,Carlos,1999-05-17
102,Flores,Taylor,2002-11-02
103,Wheeler,Patrick,2001-03-06
